village_id,candidate_minigrids,existing_minigrids,facilities,grid_extension,existing_grid,mean_ndvi,mean_wind_speed,mean_pvout_solar_radiation,building_count,permanent_building_count,educational_facilities,health_facilities,social_facilities,services,primary_roads,secondary_roads,tertiary_roads,unclassified_roads,percentage_crop_land,percentage_built_area,contains_protected_area,protected_area_name,electrification_strategy
5500895,0,0,0,0,0,0.0,0.0,0.0,7,0,0,0,0,0,0,0,0,0,20.356666666666666,1.14,False,,Solar home system
5500896,0,0,1,0,0,0.0,0.0,1563.1445707070707,17,3,0,1,0,0,0,0,0,1,3.3875,0.0266666666666666,True,Agoro - Agu Forest Reserve,Solar home system
5500897,0,0,0,0,0,0.0,0.0,1561.5652669270833,99,5,0,0,0,0,0,0,0,0,16.7125,3.16,True,Agoro - Agu Forest Reserve,Solar home system
5500898,0,0,0,0,0,0.30051371455192566,0.8950734837154203,1587.8150390625,101,4,0,0,0,0,0,0,0,0,24.385,2.506666666666667,True,Agoro - Agu Forest Reserve,Solar home system
5500899,0,0,0,0,0,0.0,0.0,1618.240478515625,0,0,0,0,0,0,0,0,0,0,20.2925,0.015,True,Agoro - Agu Forest Reserve,Solar home system
5500900,0,0,0,0,0,0.0,0.0,1609.1090087890625,483,13,0,0,0,0,0,0,0,1,19.065,15.472499999999998,False,,Solar home system
5500901,0,0,0,0,0,0.0,0.0,1612.5791015625,172,11,0,0,0,0,0,0,0,0,9.4825,12.606666666666667,False,,Solar home system
5500902,0,0,0,0,0,0.0,0.0,0.0,100,8,0,0,0,0,0,0,0,0,15.1225,6.7,False,,Solar home system
5500903,0,0,1,0,0,0.0,0.0,0.0,277,44,1,0,0,0,0,0,0,0,11.0425,20.297500000000003,False,,Solar home system
5500904,0,0,0,0,0,0.0,0.0,1629.654296875,80,12,0,0,0,0,0,0,0,0,16.947499999999998,2.1125,False,,Solar home system
5500905,0,1,1,0,0,0.0,0.0,1633.717529296875,137,13,1,0,0,0,0,0,0,1,19.2825,3.12,False,,Existing minigrid
5500906,0,0,0,0,0,0.0,0.0,1635.6580810546875,163,9,0,0,0,0,0,0,0,0,19.062500000000004,1.3125,False,,Solar home system
5500907,0,0,0,0,0,0.0,0.0,1639.9720458984375,0,0,0,0,0,0,0,0,0,0,7.445,0.28,False,,Solar home system
5500908,0,1,1,0,0,0.0,0.0,1637.6187065972222,236,16,1,0,0,0,0,0,0,1,9.445,0.995,False,,Existing minigrid
5501310,0,0,0,0,0,0.0,0.0,1610.2212357954545,117,8,0,0,0,0,0,0,0,0,15.8125,0.0766666666666666,False,,Solar home system
5501311,0,0,0,0,0,0.0,0.0,1612.3756510416667,120,17,0,0,0,0,0,0,0,0,18.576666666666664,0.2674999999999999,False,,Solar home system
5501312,0,0,0,0,0,0.0,0.0,1620.2488839285713,191,24,0,0,0,0,0,0,0,0,25.766666666666666,0.73,False,,Solar home system
5501313,0,0,0,0,0,0.0,0.0,1618.666232638889,241,14,0,0,0,0,0,1,0,2,17.282500000000002,0.0566666666666666,False,,Solar home system
5501314,0,0,0,0,0,0.0,0.0,0.0,23,2,0,0,0,0,0,0,0,0,37.98333333333333,0.3149999999999999,False,,Solar home system
5501315,0,1,3,0,0,0.3995438814163208,1.3105624095992943,1604.3033482142857,861,105,1,1,0,0,0,1,0,3,17.365,1.1225,False,,Existing minigrid
5501316,0,0,0,0,0,0.0,0.0,1624.632080078125,151,21,0,0,0,0,0,0,0,0,27.766666666666666,4.57,False,,Solar home system
5501317,0,0,0,0,0,0.0,0.0,1623.4449462890625,96,2,0,0,0,0,0,0,0,0,25.34,0.145,False,,Solar home system
5501318,0,0,0,0,0,0.0,0.0,1619.09228515625,108,4,0,0,0,0,0,0,0,0,24.933333333333334,0.0633333333333333,False,,Solar home system
5501319,0,0,0,0,0,0.0,0.0,1625.9105224609375,196,22,0,0,0,0,0,0,0,0,26.683333333333337,0.8474999999999999,False,,Solar home system
5501320,0,0,0,0,0,0.4053511619567871,1.2920753935741451,1622.0753580729167,71,3,0,0,0,0,0,0,0,0,22.01666666666667,0.1466666666666666,False,,Solar home system
5501321,0,0,0,0,0,0.0,0.0,1633.03271484375,55,6,0,0,0,0,0,0,0,0,27.60666666666667,0.4566666666666667,False,,Solar home system
5501322,0,0,0,0,0,0.0,0.0,1627.0670572916667,142,21,0,0,0,0,0,0,0,0,30.930000000000003,1.7233333333333334,False,,Solar home system
5501323,0,0,0,0,0,0.0,0.0,1630.4759765625,123,14,0,0,0,0,0,0,0,0,36.81,1.1025,False,,Solar home system
5501324,1,0,1,0,0,0.0,0.0,1635.172154017857,306,36,1,0,0,0,0,0,0,0,28.8,1.3725,False,,Candidate minigrid
5501325,0,0,0,1,0,0.0,0.0,1627.67578125,167,11,0,0,0,0,0,0,0,1,29.67333333333333,3.0825,False,,Grid extension
5501326,0,0,1,1,0,0.0,0.0,1636.246875,241,19,1,0,0,0,0,0,0,0,29.590000000000003,1.0975,False,,Grid extension
5501327,0,0,0,0,0,0.0,0.0,0.0,0,0,0,0,0,0,0,0,0,0,49.785,0.0,False,,Solar home system
5501328,0,0,0,0,0,0.0,0.0,0.0,0,0,0,0,0,0,0,0,0,0,100.0,0.0,False,,Solar home system
5501329,0,0,0,1,0,0.0,0.0,1619.8836263020833,151,15,0,0,0,0,0,0,0,0,22.5925,3.3,False,,Grid extension
5501330,0,0,0,0,1,0.0,0.0,1625.9307725694443,129,10,0,0,0,0,0,0,0,0,17.02,0.3075,True,"Lalak Forest Reserve, Lokung Forest Reserve",Existing grid
5501331,0,0,0,0,1,0.0,0.0,1633.76337890625,6,2,0,0,0,0,0,0,0,0,27.72666666666667,0.0,True,Lalak Forest Reserve,Existing grid
5501332,0,0,0,0,1,0.0,0.0,1638.073046875,76,3,0,0,0,0,0,0,0,0,12.843333333333334,0.6225,True,Lalak Forest Reserve,Existing grid
5501333,0,0,0,0,1,0.0,0.0,1639.72900390625,20,1,0,0,0,0,0,0,0,1,24.22,0.6175,False,,Existing grid
5501334,0,0,0,1,0,0.0,0.0,1636.279296875,550,71,0,0,0,0,0,0,0,0,23.313333333333336,3.1575,False,,Grid extension
5501335,0,0,0,0,1,0.0,0.0,1636.137451171875,188,28,0,0,0,0,0,0,0,0,32.45333333333333,9.475,True,Lokung Forest Reserve,Existing grid
5501336,0,0,0,0,0,0.0,0.0,0.0,0,0,0,0,0,0,0,0,0,0,0.0,0.0,False,,Solar home system
5501337,1,0,1,1,0,0.0,0.0,1638.986328125,242,35,0,1,0,0,0,0,0,1,24.9625,1.215,True,Lokung Forest Reserve,Grid extension
5501338,0,0,0,0,1,0.0,0.0,1651.0213623046875,231,11,0,0,0,0,0,0,0,2,22.986666666666665,2.276666666666667,False,,Existing grid
5501339,0,0,0,0,0,0.0,0.0,1661.3257211538462,305,42,0,0,0,0,0,0,0,3,24.05,0.43,True,Aram Forest Reserve,Solar home system
5501340,0,0,1,0,0,0.0,0.0,1664.30712890625,129,31,1,0,0,0,0,0,0,0,18.7575,0.8775,False,,Solar home system
5501341,0,0,0,0,0,0.0,0.0,1657.3828125,20,2,0,0,0,0,0,0,0,0,16.516666666666666,0.1033333333333333,False,,Solar home system
5501342,0,0,0,1,0,0.0,0.0,1669.740478515625,240,42,0,0,0,0,0,0,0,0,54.56666666666667,3.4725,True,Paonyeme Forest Reserve,Grid extension
5501343,0,0,0,1,0,0.0,0.0,1664.8094075520833,112,24,0,0,0,0,0,0,0,0,36.71666666666666,0.8324999999999999,True,Paonyeme Forest Reserve,Grid extension
5501561,0,1,1,0,0,0.0,0.0,1684.6577919407894,230,46,1,0,0,0,0,0,0,8,8.192499999999999,0.4275,False,,Existing minigrid
5501627,0,0,0,0,0,0.0,0.0,1678.2904829545455,306,43,0,0,0,0,0,0,0,3,30.8325,0.6925,False,,Solar home system
5502037,1,0,2,0,0,0.4160136878490448,1.4464860216725424,1688.0299556213017,374,63,0,0,0,0,0,0,0,25,4.8975,0.1075,False,,Candidate minigrid
5502847,0,0,1,0,0,0.39692288637161255,1.177323611500354,1576.670932112069,12,1,0,0,0,0,0,0,0,1,3.92,0.2075,True,Agoro - Agu Forest Reserve,Solar home system
5502848,0,1,0,0,0,0.0,0.0,1667.06201171875,408,55,0,0,0,0,0,0,0,0,13.716666666666669,2.275,True,Aram Forest Reserve,Existing minigrid
5502849,1,0,0,1,0,0.0,0.0,1661.1570870535713,247,33,0,0,0,0,0,0,0,4,17.624999999999996,3.53,False,,Grid extension
5502850,0,0,0,0,0,0.0,0.0,1610.533203125,199,23,0,0,0,0,0,0,0,0,18.99,3.106666666666667,True,Lamwo Forest Reserve,Solar home system
5502851,0,1,1,0,0,0.0,0.0,1673.57568359375,183,31,1,0,0,0,0,2,0,3,8.89,1.2875,True,Achwa River Forest Reserve,Existing minigrid
5502852,0,0,0,0,0,0.0,0.0,1653.3041015625,20,2,0,0,0,0,0,0,0,0,13.633333333333333,0.125,False,,Solar home system
5502853,0,0,0,0,0,0.0,0.0,1683.3511029411766,91,19,0,0,0,0,0,0,0,2,10.536666666666669,0.1899999999999999,False,,Solar home system
5502854,0,0,1,0,0,0.0,0.0,1688.7333984375,182,39,1,0,0,0,0,0,0,0,6.96,0.3825,False,,Solar home system
5502855,0,0,0,0,0,0.42494773864746094,1.388686611610336,1682.341552734375,69,15,0,0,0,0,0,0,0,3,7.876666666666668,0.0966666666666666,False,,Solar home system
5502856,0,0,0,0,0,0.0,0.0,1685.8277698863637,109,13,0,0,0,0,0,0,0,0,13.509999999999998,0.09,False,,Solar home system
5502857,0,0,0,0,0,0.0,0.0,1687.4783266129032,248,45,0,0,0,0,0,0,0,3,8.399999999999999,0.1425,False,,Solar home system
5502858,1,0,0,0,0,0.0,0.0,1679.942471590909,108,24,0,0,0,0,0,0,0,5,4.34,0.065,False,,Candidate minigrid
5502859,0,0,1,0,0,0.0,0.0,1675.2864925986842,635,33,1,0,0,0,0,0,0,11,9.6325,0.655,False,,Solar home system
5502860,0,0,0,0,0,0.0,0.0,1675.5610977564102,193,22,0,0,0,0,0,0,0,2,5.71,0.35,False,,Solar home system
5502861,0,0,0,0,0,0.45619869232177734,1.4174245768960407,1675.20078125,877,37,0,0,0,0,0,0,0,0,6.5925,0.9425,False,,Solar home system
5502862,0,0,2,0,0,0.4320642054080963,1.4335422972243521,1675.219140625,55,18,1,1,0,0,0,0,0,6,11.3625,1.0975,False,,Solar home system
5502863,0,0,0,0,0,0.0,0.0,1674.2629825367646,462,83,0,0,0,0,0,0,0,0,19.37,0.745,False,,Solar home system
5502864,0,0,0,0,0,0.0,0.0,1676.0958984375,6,1,0,0,0,0,0,0,0,2,18.093333333333334,0.15,False,,Solar home system
5502865,0,0,0,0,0,0.0,0.0,0.0,0,0,0,0,0,0,0,0,0,0,0.0,0.0,False,,Solar home system
5502866,0,0,1,1,1,0.0,0.0,1670.2880859375,573,79,1,0,0,0,0,0,0,2,12.365,1.15,False,,Grid extension
5502867,0,0,1,1,1,0.0,0.0,1669.1643629807693,661,103,1,0,0,0,0,0,0,1,14.7425,1.0466666666666666,False,,Grid extension
5502868,2,0,1,0,0,0.0,0.0,1668.3401692708333,208,42,1,0,0,0,0,0,0,24,20.3,0.6366666666666666,False,,Candidate minigrid
5502869,0,0,0,0,0,0.0,0.0,1676.091579861111,85,18,0,0,0,0,0,0,0,0,10.777500000000002,0.1566666666666666,False,,Solar home system
5502870,0,0,0,0,1,0.0,0.0,1673.453884548611,344,61,0,0,0,0,0,0,0,0,17.130000000000003,0.4275,False,,Existing grid
5502871,0,0,0,0,0,0.0,0.0,1676.6619140625,111,16,0,0,0,0,0,0,0,0,12.26,0.25,False,,Solar home system
5502872,0,0,1,0,0,0.0,0.0,1678.408203125,122,34,1,0,0,0,0,0,0,1,11.276666666666667,0.7225,False,,Solar home system
5502873,0,0,0,0,0,0.0,0.0,1679.510986328125,60,10,0,0,0,0,0,0,0,0,11.676666666666668,0.2266666666666666,False,,Solar home system
5502874,0,0,0,0,0,0.0,0.0,1677.22802734375,172,34,0,0,0,0,0,0,0,0,12.949999999999998,3.22,False,,Solar home system
5502875,0,0,0,0,0,0.0,0.0,1672.75390625,257,27,0,0,0,0,0,0,0,3,15.089999999999998,0.2525,False,,Solar home system
5502876,0,0,2,0,0,0.0,0.0,1677.7760009765625,279,77,1,1,0,0,0,0,0,0,9.815,17.4275,False,,Solar home system
5502877,0,0,2,0,1,0.0,0.0,1676.13232421875,568,142,1,1,0,0,0,0,0,0,9.035,14.395,False,,Existing grid
5502878,0,0,0,0,1,0.0,0.0,1676.4716796875,185,32,0,0,0,0,0,0,0,2,7.585,0.635,False,,Existing grid
5502882,0,0,1,0,0,0.41755229234695435,1.399479974847854,1678.323828125,82,15,1,0,0,0,0,0,0,0,7.2799999999999985,0.1566666666666667,False,,Solar home system
5502883,0,0,0,0,0,0.0,0.0,1679.4194504310344,79,9,0,0,0,0,0,0,0,0,5.5925,0.0625,False,,Solar home system
5502884,0,0,1,0,1,0.0,0.0,1677.7008272058824,276,63,1,0,0,0,0,0,0,0,2.975,0.7200000000000001,False,,Existing grid
5502885,0,0,0,0,0,0.3969835638999939,1.4179281455822683,1641.6409801136363,28,1,0,0,0,0,0,0,0,4,3.0575,0.005,False,,Solar home system
5502886,0,0,0,0,0,0.0,0.0,1647.277622767857,5,0,0,0,0,0,0,0,0,1,9.615,0.0,False,,Solar home system
5502887,0,2,1,0,0,0.0,0.0,1651.0763020833333,501,34,1,0,0,0,0,0,1,0,7.5175,0.9575,False,,Existing minigrid
5502888,1,0,0,0,0,0.0,0.0,1652.68017578125,268,30,0,0,0,0,0,0,0,24,9.8875,0.1033333333333333,False,,Candidate minigrid
5502889,0,0,0,0,0,0.0,0.0,1648.0079900568182,10,0,0,0,0,0,0,0,0,0,7.157500000000001,0.0,False,,Solar home system
5502890,0,0,0,0,0,0.0,0.0,1644.8066789215686,204,8,0,0,0,0,0,0,0,6,7.0725,0.26,False,,Solar home system
5502891,0,0,0,0,0,0.0,0.0,1653.263454861111,443,47,0,0,0,0,0,0,0,4,12.577500000000002,0.5625,False,,Solar home system
5502892,1,0,0,0,0,0.39178645610809326,1.4138227290884322,1651.1540625,262,15,0,0,0,0,0,0,0,2,10.815,0.045,False,,Candidate minigrid
5502893,0,0,0,0,0,0.0,0.0,1651.2950439453125,7,0,0,0,0,0,0,0,0,0,13.25,0.0,False,,Solar home system
5502894,0,0,0,0,0,0.0,0.0,1653.12158203125,6,0,0,0,0,0,0,0,0,0,17.47,0.0,False,,Solar home system
5502895,0,0,0,0,0,0.0,0.0,0.0,0,0,0,0,0,0,0,0,0,0,100.0,0.0,False,,Solar home system
5502896,0,0,0,0,0,0.3986186683177948,1.4020500964974336,1655.8311011904761,120,6,0,0,0,0,0,0,0,1,14.055,0.0033333333333333,False,,Solar home system
5502897,0,0,0,0,0,0.0,0.0,0.0,0,0,0,0,0,0,0,0,0,0,100.0,0.0,False,,Solar home system
5502898,2,0,1,0,0,0.39717549085617065,1.4179281455822683,1656.500244140625,362,48,1,0,0,0,0,0,0,3,16.92,2.4325,False,,Candidate minigrid
5502899,1,0,0,0,0,0.0,0.0,1659.0698939732142,279,21,0,0,0,0,0,0,0,1,22.293333333333333,0.4166666666666667,False,,Candidate minigrid
5502900,1,0,0,0,0,0.0,0.0,1656.40869140625,111,14,0,0,0,0,0,0,0,4,14.99,0.4933333333333333,False,,Candidate minigrid
5502901,2,0,0,0,0,0.0,0.0,1662.1158447265625,1450,40,0,0,0,0,0,0,0,3,15.7275,1.5675,False,,Candidate minigrid
5502902,1,0,1,0,0,0.41559112071990967,1.3902774639064348,1663.0681928294573,235,11,1,0,0,0,0,0,0,7,15.8075,0.04,True,Achwa River Forest Reserve,Candidate minigrid
5502903,0,0,0,0,0,0.0,0.0,1662.7507102272727,132,9,0,0,0,0,0,0,1,4,14.29,0.2833333333333334,False,,Solar home system
5502904,0,0,0,0,0,0.4392278492450714,1.3907291114746119,1667.6877083333334,4,1,0,0,0,0,0,0,0,6,13.735,0.005,True,Achwa River Forest Reserve,Solar home system
5502905,2,1,2,0,0,0.0,0.0,1663.330078125,2746,199,1,1,0,0,0,0,0,1,14.095,6.279999999999999,False,,Candidate minigrid
5502906,1,0,1,0,0,0.0,0.0,1659.556919642857,426,75,1,0,0,0,0,3,0,3,15.7,0.8575,False,,Candidate minigrid
5502907,0,0,0,0,0,0.0,0.0,1627.5904513888888,379,74,0,0,0,0,0,0,0,0,17.107499999999998,0.0425,False,,Solar home system
5502908,0,0,1,0,0,0.3800138831138611,1.3479242688327004,1639.2394425675675,154,6,0,0,0,0,0,0,0,4,14.240000000000002,0.0225,False,,Solar home system
5502909,1,0,1,0,0,0.0,0.0,1657.034877232143,277,32,1,0,0,0,0,0,0,0,12.046666666666669,0.5275,False,,Candidate minigrid
5502910,0,0,0,0,0,0.0,0.0,1662.6585286458333,187,27,0,0,0,0,0,1,0,0,7.166666666666667,0.215,False,,Solar home system
5502911,0,0,0,0,0,0.4065340757369995,1.4767089960537167,1651.1125,364,33,0,0,0,0,0,0,0,1,12.655,0.3775,False,,Solar home system
5502912,0,0,0,0,0,0.0,0.0,1669.6983173076924,188,14,0,0,0,0,0,0,0,4,10.795,0.3425,False,,Solar home system
5502913,0,0,0,0,0,0.0,0.0,1662.800537109375,162,15,0,0,0,0,0,0,0,7,17.46,0.4533333333333333,False,,Solar home system
5502914,0,0,2,0,1,0.0,0.0,1664.7640380859375,400,100,2,0,0,0,0,0,0,9,6.57,2.325,False,,Existing grid
5502915,0,0,0,0,0,0.0,0.0,1639.9946732954545,276,43,0,0,0,0,0,0,0,0,15.3525,0.3625,False,,Solar home system
5502916,0,1,0,0,0,0.0,0.0,1632.723858173077,172,15,0,0,0,0,0,0,0,2,16.675,0.6175,True,Agoro - Agu Forest Reserve,Existing minigrid
5502917,0,0,0,0,0,0.0,0.0,0.0,0,0,0,0,0,0,0,0,0,0,45.45,0.0,False,,Solar home system
5502918,0,0,0,0,0,0.0,0.0,1663.0238715277778,229,22,0,0,0,0,0,0,0,3,10.843333333333334,0.1333333333333333,False,,Solar home system
5502919,0,0,1,0,0,0.0,0.0,1668.4618675595239,423,32,1,0,0,0,0,0,0,1,10.966666666666669,1.1875,False,,Solar home system
5502920,0,2,2,0,0,0.43975529074668884,1.401940728528417,1666.0834603658536,3411,362,1,1,0,0,0,1,0,26,9.4575,3.645,False,,Existing minigrid
5502921,1,1,0,0,0,0.0,0.0,1676.2401785714285,4108,166,0,0,0,0,0,0,0,37,5.125,1.1925,True,Achwa River Forest Reserve,Candidate minigrid
5502922,1,0,0,0,0,0.43555450439453125,1.3999615752199077,1678.9549632352941,3692,130,0,0,0,0,0,0,0,32,5.1225000000000005,0.4925,False,,Candidate minigrid
5502923,0,0,0,0,0,0.0,0.0,1655.4175502232142,8,4,0,0,0,0,0,0,0,0,18.966666666666665,0.3499999999999999,False,,Solar home system
5502924,0,0,0,0,1,0.0,0.0,1655.970703125,28,0,0,0,0,0,0,0,0,6,15.695,0.02,False,,Existing grid
5502925,0,0,2,0,1,0.0,0.0,1655.556640625,121,10,1,1,0,0,0,0,0,0,14.935,1.4625,False,,Existing grid
5502926,0,0,0,0,1,0.0,0.0,1657.504296875,191,19,0,0,0,0,0,0,0,0,21.02333333333333,1.4375,False,,Existing grid
5502927,0,0,0,0,0,0.0,0.0,1656.595953525641,206,15,0,0,0,0,0,0,0,0,5.0525,0.16,False,,Solar home system
5502928,0,0,0,0,0,0.3664396405220032,1.2562653039070313,1654.874609375,161,23,0,0,0,0,0,0,0,0,7.99,1.1333333333333333,False,,Solar home system
5502929,0,0,0,0,0,0.0,0.0,1654.728515625,214,21,0,0,0,0,0,0,0,0,7.722499999999999,2.775,False,,Solar home system
5502930,0,0,0,0,0,0.382331520318985,1.2936777405825097,1655.5003004807693,49,4,0,0,0,0,0,0,0,1,5.4325,0.0424999999999999,False,,Solar home system
5502931,0,0,1,0,0,0.0,0.0,1619.7376953125,119,17,1,0,0,0,0,0,0,1,18.6975,0.8775000000000001,False,,Solar home system
5502932,1,0,0,0,0,0.0,0.0,1650.405029296875,160,36,0,0,0,0,0,0,0,2,14.6175,0.1974999999999999,False,,Candidate minigrid
5502933,0,0,0,0,0,0.0,0.0,1629.44091796875,12,2,0,0,0,0,0,0,0,0,22.88,0.0,False,,Solar home system
5502934,0,0,0,0,0,0.0,0.0,1637.1934442934783,308,68,0,0,0,0,0,0,0,0,25.89333333333333,1.25,False,,Solar home system
5502935,0,1,0,0,0,0.0,0.0,1647.6427734375,254,62,0,0,0,0,0,0,0,1,20.993333333333336,6.1275,False,,Existing minigrid
5502936,0,0,1,0,0,0.0,0.0,1643.113671875,68,6,0,1,0,0,0,0,0,0,13.5075,0.9366666666666666,False,,Solar home system
5502937,0,0,0,0,0,0.0,0.0,1643.86865234375,198,33,0,0,0,0,0,0,0,2,19.363333333333333,3.485,False,,Solar home system
5502938,1,0,0,0,0,0.0,0.0,1645.634033203125,125,22,0,0,0,0,0,0,0,1,24.326666666666668,4.725,False,,Candidate minigrid
5502939,0,1,2,0,0,0.0,0.0,1646.9119873046875,430,166,2,0,0,0,0,0,0,1,11.4025,30.0225,False,,Existing minigrid
5502940,0,0,0,0,0,0.0,0.0,1620.411349826389,135,16,0,0,0,0,0,0,0,0,10.5225,0.06,True,Lamwo Forest Reserve,Solar home system
5502941,1,0,0,0,0,0.0,0.0,1636.2103515625,203,43,0,0,0,0,0,0,0,1,20.825,1.093333333333333,True,Lamwo Forest Reserve,Candidate minigrid
5502942,1,0,1,0,0,0.0,0.0,1652.6768002717392,145,25,1,0,0,0,0,0,0,0,11.795,0.615,False,,Candidate minigrid
5502943,0,0,1,0,0,0.0,0.0,1620.6141493055557,246,41,1,0,0,0,0,0,1,1,19.4075,0.955,False,,Solar home system
5502944,1,0,0,0,0,0.33404240012168884,1.2333203595806714,1632.2212456597222,134,16,0,0,0,0,0,0,0,0,20.077500000000004,0.96,True,Lamwo Forest Reserve,Candidate minigrid
5502945,0,0,0,0,0,0.0,0.0,1636.177951388889,98,5,0,0,0,0,0,0,0,1,19.1725,0.1166666666666666,False,,Solar home system
5502946,0,0,0,0,0,0.0,0.0,1634.8589564732142,96,18,0,0,0,0,0,0,0,0,19.4,0.97,True,Lamwo Forest Reserve,Solar home system
5502947,0,0,0,0,0,0.0,0.0,1628.7280970982142,0,0,0,0,0,0,0,0,0,0,1.01,0.14,True,Lamwo Forest Reserve,Solar home system
5502948,0,0,0,0,0,0.0,0.0,1645.451171875,138,35,0,0,0,0,0,0,0,0,19.273333333333333,3.7125,False,,Solar home system
5502949,0,0,0,0,0,0.0,0.0,1642.5537760416667,140,8,0,0,0,0,0,0,0,0,18.9125,1.38,False,,Solar home system
5502950,0,0,0,0,0,0.0,0.0,1648.373046875,109,13,0,0,0,0,0,0,0,0,5.5625,3.86,False,,Solar home system
5502951,0,0,0,0,0,0.0,0.0,1648.581752232143,133,28,0,0,0,0,0,0,0,0,10.2,0.6966666666666667,False,,Solar home system
5502952,1,0,0,0,0,0.0,0.0,1646.6077473958333,236,20,0,0,0,0,0,0,0,0,24.46333333333333,2.4725,False,,Candidate minigrid
5502953,1,0,0,0,0,0.0,0.0,1657.5045138888888,165,21,0,0,0,0,0,0,0,5,15.625,0.2925,False,,Candidate minigrid
5502954,1,0,1,0,0,0.0,0.0,1660.436740451389,199,29,1,0,0,0,0,0,0,22,13.3025,0.35,False,,Candidate minigrid
5502955,1,0,0,0,0,0.0,0.0,1656.682861328125,52,7,0,0,0,0,0,0,0,2,16.073333333333334,0.58,False,,Candidate minigrid
5502956,1,0,0,1,0,0.0,0.0,1671.384033203125,137,31,0,0,0,0,0,0,0,0,39.1175,2.1875,False,,Grid extension
5502957,0,0,0,1,0,0.0,0.0,1670.3797607421875,167,34,0,0,0,0,0,0,0,0,30.0475,2.3575,False,,Grid extension
5502958,0,0,0,0,0,0.0,0.0,1667.4876302083333,41,4,0,0,0,0,0,0,0,0,34.57666666666667,2.5666666666666664,False,,Solar home system
5502959,0,0,0,0,0,0.0,0.0,1670.7265625,25,5,0,0,0,0,0,0,0,0,36.053333333333335,0.505,False,,Solar home system
5502960,0,0,0,0,0,0.0,0.0,1673.0640625,210,50,0,0,0,0,0,0,0,2,28.397500000000004,2.8725,False,,Solar home system
5502961,0,0,0,1,0,0.0,0.0,1676.132568359375,150,21,0,0,0,0,0,0,0,2,38.06,3.7125,False,,Grid extension
5502962,0,1,0,0,0,0.0,0.0,1661.065673828125,105,10,0,0,0,0,0,0,0,0,25.1825,3.5825,False,,Existing minigrid
5502963,0,0,0,0,0,0.0,0.0,0.0,0,0,0,0,0,0,0,0,0,0,0.0,64.89999999999999,False,,Solar home system
5502964,0,0,0,0,0,0.0,0.0,1657.68701171875,51,4,0,0,0,0,0,0,0,0,20.16,0.6466666666666666,False,,Solar home system
5502965,0,0,0,0,0,0.0,0.0,1662.846435546875,122,20,0,0,0,0,0,0,0,5,27.3575,1.13,False,,Solar home system
5502966,0,0,0,0,0,0.0,0.0,1662.6180013020833,8,3,0,0,0,0,0,0,0,0,25.910000000000004,0.47,False,,Solar home system
5502967,0,0,1,0,0,0.0,0.0,1663.4008091517858,109,31,0,1,0,0,0,0,0,0,23.3175,1.58,False,,Solar home system
5502968,0,0,0,0,0,0.0,0.0,0.0,0,0,0,0,0,0,0,0,0,0,59.64,0.0,False,,Solar home system
5502969,0,0,0,0,0,0.3683911859989166,1.3649976128266912,1668.867947048611,70,14,0,0,0,0,0,0,0,0,14.74,0.64,False,,Solar home system
5502970,0,0,0,0,0,0.0,0.0,1666.855078125,77,12,0,0,0,0,0,0,0,0,12.066666666666668,0.52,False,,Solar home system
5502971,0,0,0,0,0,0.0,0.0,1663.16552734375,23,4,0,0,0,0,0,0,0,0,16.787499999999998,1.2966666666666666,False,,Solar home system
5502972,0,0,0,0,0,0.0,0.0,1670.4506293402778,208,45,0,0,0,0,0,0,0,5,16.86,1.04,False,,Solar home system
5502973,0,0,0,0,0,0.0,0.0,1666.4530029296875,17,2,0,0,0,0,0,0,0,0,14.446666666666664,0.1166666666666666,False,,Solar home system
5502974,0,0,1,0,0,0.0,0.0,1665.996826171875,169,66,1,0,0,0,0,0,0,3,15.925,4.1225000000000005,False,,Solar home system
5502975,0,0,0,0,0,0.0,0.0,1664.81005859375,64,10,0,0,0,0,0,0,0,0,13.9075,1.6575,False,,Solar home system
5502976,0,0,0,1,0,0.0,0.0,1663.3485107421875,72,8,0,0,0,0,0,0,0,2,22.543333333333337,2.41,False,,Grid extension
5502979,0,0,0,0,0,0.0,0.0,1648.9879954268292,39,3,0,0,0,0,0,0,0,0,9.9675,0.0066666666666666,False,,Solar home system
5502980,0,1,1,0,0,0.0,0.0,1650.3618706597222,178,39,0,1,0,0,0,0,0,6,13.246666666666664,1.1725,False,,Existing minigrid
5502981,1,0,0,0,0,0.0,0.0,1653.7060546875,144,15,0,0,0,0,0,0,1,0,20.9,0.8325,False,,Candidate minigrid
5502982,0,0,0,0,0,0.0,0.0,1648.4342447916667,90,8,0,0,0,0,0,0,0,0,10.33,0.8266666666666665,False,,Solar home system
5502983,0,0,1,1,0,0.0,0.0,1660.71875,162,28,1,0,0,0,0,0,0,1,13.093333333333334,0.9975,False,,Grid extension
5502984,0,0,0,0,0,0.0,0.0,1656.1764914772727,100,11,0,0,0,0,0,0,0,0,16.053333333333335,0.79,False,,Solar home system
5502985,1,0,1,1,0,0.0,0.0,1658.05224609375,122,30,1,0,0,0,0,0,0,3,19.98333333333333,1.205,False,,Grid extension
5502986,0,0,0,1,0,0.0,0.0,1657.1597222222222,94,18,0,0,0,0,0,0,0,2,20.02,0.125,False,,Grid extension
5502987,0,0,1,0,0,0.0,0.0,1652.0255859375,102,19,1,0,0,0,0,0,0,8,24.53,1.0875,False,,Solar home system
5502988,0,0,1,0,0,0.41830646991729736,1.364142377860684,1620.5577787769785,249,24,0,1,0,0,0,0,0,5,6.1175,0.0375,False,,Solar home system
5502989,0,0,0,0,0,0.0,0.0,1642.7117919921875,96,11,0,0,0,0,0,0,1,0,7.275,0.3966666666666666,False,,Solar home system
5502990,0,0,0,0,0,0.0,0.0,1638.5116102430557,159,9,0,0,0,0,0,0,0,3,10.023333333333332,0.52,False,,Solar home system
5502991,0,1,1,0,0,0.38076430559158325,1.4767089960537167,1644.8250558035713,290,52,1,0,0,0,0,0,1,1,13.405,2.54,False,,Existing minigrid
5502992,0,0,1,0,0,0.0,0.0,1662.9830322265625,144,28,1,0,0,0,0,0,0,0,14.6975,6.175,False,,Solar home system
5502993,0,0,1,0,0,0.0,0.0,1645.0860595703125,328,29,1,0,0,0,0,0,0,1,13.1525,22.5525,False,,Solar home system
5502994,0,0,0,0,0,0.0,0.0,1634.5199497767858,155,18,0,0,0,0,0,0,0,0,11.945,0.1725,True,Lalak Forest Reserve,Solar home system
5502995,0,0,1,0,0,0.0,0.0,1637.3113839285713,138,12,0,1,0,0,0,0,0,0,37.365,1.2174999999999998,False,,Solar home system
5502996,0,0,0,0,0,0.0,0.0,1645.81640625,98,5,0,0,0,0,0,0,0,0,25.33333333333333,0.7825,False,,Solar home system
5502997,0,0,0,0,0,0.0,0.0,1640.3986002604167,35,1,0,0,0,0,0,0,0,1,14.1225,0.045,False,,Solar home system
5502998,0,0,0,0,0,0.0,0.0,1656.95703125,42,8,0,0,0,0,0,0,0,0,28.52,3.216666666666667,False,,Solar home system
5502999,0,0,0,0,0,0.0,0.0,1654.58203125,0,0,0,0,0,0,0,0,0,0,29.25333333333333,0.08,False,,Solar home system
5503000,0,1,2,0,0,0.0,0.0,1649.306712962963,111,14,1,0,0,0,0,0,0,1,14.794999999999998,0.5249999999999999,False,,Existing minigrid
5503001,0,0,0,1,0,0.0,0.0,1674.1233723958333,165,29,0,0,0,0,0,0,0,0,16.8875,0.1425,False,,Grid extension
5503002,0,0,1,1,1,0.0,0.0,1676.456814236111,330,69,1,0,0,0,0,0,0,1,25.2825,1.815,False,,Grid extension
5503003,1,0,0,1,0,0.0,0.0,1676.810546875,287,68,0,0,0,0,0,0,0,0,18.9325,1.175,False,,Grid extension
5503004,0,0,1,0,0,0.0,0.0,1667.8533528645833,135,29,1,0,0,0,0,0,0,0,24.30666666666667,1.335,True,Aram Forest Reserve,Solar home system
5503005,0,0,0,0,0,0.0,0.0,1665.29638671875,67,12,0,0,0,0,0,0,0,0,25.01666666666667,0.2066666666666666,True,Aram Forest Reserve,Solar home system
5503006,0,0,0,0,0,0.0,0.0,1671.4143880208333,73,11,0,0,0,0,0,0,0,0,21.08,0.255,False,,Solar home system
5503007,0,0,0,1,0,0.0,0.0,1672.3580729166667,27,8,0,0,0,0,0,0,0,0,10.23,0.37,False,,Grid extension
5503008,0,0,2,0,0,0.38506510853767395,1.4188129285682278,1668.7795516304348,248,48,0,2,0,0,0,0,0,1,18.790000000000003,0.3075,True,Paonyeme Forest Reserve,Solar home system
5503009,0,0,0,0,0,0.0,0.0,1669.484765625,104,14,0,0,0,0,0,0,0,1,21.42,0.465,True,Paonyeme Forest Reserve,Solar home system
5503010,0,0,0,1,0,0.0,0.0,1671.7493489583333,92,15,0,0,0,0,0,0,0,0,21.96333333333333,0.2366666666666666,False,,Grid extension
5503011,0,0,0,1,0,0.0,0.0,1672.844970703125,138,30,0,0,0,0,0,0,0,1,14.1525,0.6325,False,,Grid extension
5503012,0,0,0,1,0,0.0,0.0,1672.3722426470588,227,27,0,0,0,0,0,0,0,0,27.703333333333333,0.635,False,,Grid extension
5503013,0,0,0,0,0,0.0,0.0,1673.4541015625,3,1,0,0,0,0,0,0,0,0,25.23,0.01,False,,Solar home system
5503014,0,0,0,0,0,0.0,0.0,1668.4620361328125,157,41,0,0,0,0,0,0,0,0,24.075,21.36,False,,Solar home system
5503015,0,0,0,0,0,0.0,0.0,0.0,115,29,0,0,0,0,0,0,0,0,31.60333333333333,12.5575,False,,Solar home system
5503016,0,0,0,0,0,0.0,0.0,1669.1925048828125,232,81,0,0,0,0,0,0,0,0,12.675,20.2725,True,Padibe Forest Reserve,Solar home system
5503017,0,0,0,1,0,0.0,0.0,0.0,56,24,0,0,0,0,0,0,0,0,41.025000000000006,9.755,False,,Grid extension
5503018,0,0,0,1,0,0.0,0.0,1665.4182942708333,198,56,0,0,0,0,0,0,0,0,27.465000000000003,8.715000000000002,False,,Grid extension
5503019,0,0,0,0,0,0.0,0.0,1668.4620361328125,148,47,0,0,0,0,0,0,0,0,22.6125,6.199999999999999,False,,Solar home system
5503020,0,0,0,0,1,0.0,0.0,1669.375,167,41,0,0,0,0,0,0,0,0,27.1325,11.4075,False,,Existing grid
5503021,0,0,7,1,0,0.0,0.0,1668.8270263671875,166,105,5,2,0,0,0,0,0,0,32.015,42.7925,False,,Grid extension
5503022,0,0,0,0,1,0.0,0.0,0.0,313,131,0,0,0,0,0,0,0,0,7.322500000000001,75.66499999999999,False,,Existing grid
5503023,0,0,0,1,0,0.0,0.0,1665.7230224609375,360,102,0,0,0,0,0,0,0,1,21.98,26.9475,False,,Grid extension
5503024,0,0,1,0,1,0.0,0.0,1670.8359375,144,50,0,1,0,0,0,0,0,0,11.776666666666667,10.1325,False,,Existing grid
5503025,0,0,0,0,0,0.0,0.0,0.0,0,0,0,0,0,0,0,0,0,0,100.0,0.0,False,,Solar home system
5503026,0,0,0,0,1,0.0,0.0,1671.7490234375,104,28,0,0,0,0,0,0,0,0,30.35,3.945,False,,Existing grid
5503027,0,0,0,0,1,0.0,0.0,1669.2840576171875,218,75,0,0,0,0,0,0,0,0,25.385,9.215,False,,Existing grid
5503028,0,0,1,0,0,0.0,0.0,1658.7828776041667,86,12,1,0,0,0,0,0,0,0,33.903333333333336,0.7633333333333333,False,,Solar home system
5503029,0,0,0,1,1,0.0,0.0,0.0,165,22,0,0,0,0,0,0,0,0,24.55333333333333,5.82,False,,Grid extension
5503030,0,0,0,0,0,0.0,0.0,1667.0009765625,147,30,0,0,0,0,0,0,0,1,42.64333333333333,16.7025,False,,Solar home system
5503031,0,0,1,1,1,0.0,0.0,1667.549072265625,291,100,1,0,0,0,0,0,0,8,34.489999999999995,16.215,False,,Grid extension
5503032,0,0,0,1,0,0.0,0.0,1665.6619466145833,91,8,0,0,0,0,0,0,0,3,32.623333333333335,0.61,False,,Grid extension
5503033,0,0,0,1,0,0.0,0.0,1652.1587357954545,64,17,0,0,0,0,0,0,0,0,28.68,0.3633333333333333,False,,Grid extension
5503034,0,0,0,0,0,0.0,0.0,1660.609130859375,77,18,0,0,0,0,0,0,0,0,29.135,1.4125,False,,Solar home system
5503035,0,0,0,1,0,0.0,0.0,1664.0789794921875,189,34,0,0,0,0,0,0,0,0,30.00333333333333,4.83,False,,Grid extension
5503036,0,0,0,0,0,0.0,0.0,1642.9756944444443,96,3,0,0,0,0,0,0,4,3,5.383333333333333,0.0566666666666666,False,,Solar home system
5503037,0,0,4,1,1,0.0,0.0,1666.635986328125,512,214,2,2,0,0,0,0,0,0,9.01,29.8375,True,Palabek Forest Reserve,Grid extension
5503038,0,0,0,1,1,0.0,0.0,1666.8179931640625,249,58,0,0,0,0,0,0,0,1,13.185000000000002,12.7275,False,,Grid extension
5503039,0,0,0,1,0,0.0,0.0,1658.454296875,245,51,0,0,0,0,0,0,0,10,21.0725,1.0975,False,,Grid extension
5503040,0,0,0,0,0,0.0,0.0,1647.916748046875,125,12,0,0,0,0,0,0,0,2,17.323333333333334,0.6366666666666666,False,,Solar home system
5503041,0,0,0,1,0,0.0,0.0,1658.509033203125,187,11,0,0,0,0,0,0,0,0,27.7,1.0875,False,,Grid extension
5503042,0,0,0,0,0,0.0,0.0,1647.7888671875,47,7,0,0,0,0,0,0,0,2,11.005,0.6366666666666666,False,,Solar home system
5503043,0,0,1,1,0,0.0,0.0,1651.90390625,276,67,1,0,0,0,0,0,0,5,12.1775,1.1,False,,Grid extension
5503044,0,0,0,0,0,0.0,0.0,1645.54248046875,18,1,0,0,0,0,0,0,0,1,6.745,0.1033333333333333,False,,Solar home system
5503045,0,0,0,0,1,0.0,0.0,0.0,355,82,0,0,0,0,0,0,0,1,11.3825,57.3225,False,,Existing grid
5503046,0,0,0,1,0,0.0,0.0,0.0,695,179,0,0,0,0,0,0,0,5,5.916666666666667,79.38250000000001,False,,Grid extension
5503047,0,0,0,0,0,0.40385758876800537,1.4188129285682278,1642.1368634259259,87,5,0,0,0,0,0,1,0,1,5.569999999999999,0.1225,False,,Solar home system
5503048,0,0,0,0,0,0.0,0.0,1638.7954644097222,181,21,0,0,0,0,0,0,0,0,16.116666666666667,0.175,False,,Solar home system
5503049,0,0,0,0,0,0.0,0.0,1634.4676339285713,138,12,0,0,0,0,0,0,0,0,14.106666666666664,0.05,False,,Solar home system
5503050,1,0,1,0,0,0.0,0.0,1639.698486328125,228,32,1,0,0,0,0,0,0,0,15.626666666666663,0.68,False,,Candidate minigrid
5503051,0,0,0,0,0,0.0,0.0,1611.4830729166667,156,3,0,0,0,0,0,0,0,2,21.2875,0.065,False,,Solar home system
5503052,0,0,0,0,0,0.0,0.0,1586.4288429054054,15,0,0,0,0,0,0,0,0,0,5.975,0.0699999999999999,True,Agoro - Agu Forest Reserve,Solar home system
5503053,0,0,0,0,0,0.0,0.0,1594.8184814453125,56,3,0,0,0,0,0,0,0,0,9.3625,0.005,False,,Solar home system
5503054,0,0,0,0,0,0.0,0.0,1603.3692801339287,269,21,0,0,0,0,0,0,0,0,14.303333333333333,0.7150000000000001,False,,Solar home system
5503055,0,0,0,1,0,0.0,0.0,1634.1280517578125,103,19,0,0,0,0,0,0,0,0,15.0775,12.0375,False,,Grid extension
5503056,0,0,1,0,0,0.0,0.0,1631.4501953125,279,23,0,1,0,0,0,0,0,0,15.25,2.78,False,,Solar home system
5503057,0,0,0,0,0,0.0,0.0,1570.5749289772727,134,9,0,0,0,0,0,0,0,2,8.1775,0.42,True,Agoro - Agu Forest Reserve,Solar home system
5503058,0,0,1,0,0,0.0,0.0,1562.539368872549,55,12,0,1,0,0,0,0,0,0,3.4925,0.0525,True,Agoro - Agu Forest Reserve,Solar home system
5503059,0,0,0,0,0,0.36891111731529236,1.2178930012617009,1602.610137195122,322,8,0,0,0,0,0,0,0,4,13.4875,0.0325,False,,Solar home system
5503060,0,0,1,0,0,0.0,0.0,1599.9461206896551,200,11,1,0,0,0,0,0,0,2,9.5575,0.1425,False,,Solar home system
5503061,0,1,1,0,0,0.0,0.0,1604.76259765625,232,24,0,1,0,0,0,0,0,1,2.5966666666666667,1.5675,True,Lalak Forest Reserve,Existing minigrid
5503062,0,0,0,0,0,0.0,0.0,1601.4996744791667,195,13,0,0,0,0,0,0,0,0,20.41333333333333,0.865,False,,Solar home system
5503063,0,0,0,0,0,0.0,0.0,1611.7267252604167,138,21,0,0,0,0,0,0,0,1,19.5225,0.8274999999999999,False,,Solar home system
5503064,0,0,0,0,0,0.40488603711128235,1.2920753935741451,1612.18310546875,135,12,0,0,0,0,0,0,0,0,6.734999999999999,0.7324999999999999,True,Lalak Forest Reserve,Solar home system
5503065,0,0,1,0,0,0.0,0.0,1608.4392903645833,198,30,1,0,0,0,0,0,0,1,14.8625,2.0075000000000003,False,,Solar home system
5503066,0,0,0,0,0,0.0,0.0,1608.5171875,69,3,0,0,0,0,0,0,0,0,6.365,0.0,True,Lalak Forest Reserve,Solar home system
5503067,0,0,0,0,0,0.4191780984401703,1.177323611500354,1587.785625,87,8,0,0,0,0,0,0,0,0,9.04,0.1475,True,Agoro - Agu Forest Reserve,Solar home system
5503068,0,1,0,0,0,0.0,0.0,1617.96630859375,174,14,0,0,0,0,0,0,0,2,20.6125,2.8975,False,,Existing minigrid
5503069,0,0,0,0,0,0.0,0.0,1608.78017578125,207,18,0,0,0,0,0,0,0,0,14.7225,1.39,False,,Solar home system
5503070,0,0,1,0,0,0.0,0.0,1604.20234375,168,23,1,0,0,0,0,0,0,10,11.315,0.4775,False,,Solar home system
5503071,0,0,0,0,0,0.0,0.0,1614.405029296875,221,12,0,0,0,0,0,0,0,1,29.62333333333333,1.0525000000000002,False,,Solar home system
5503072,0,0,0,0,0,0.0,0.0,1600.8037574404761,20,1,0,0,0,0,0,0,0,0,8.94,0.02,False,,Solar home system
5503073,0,0,1,1,0,0.0,0.0,1615.9368699596773,403,48,1,0,0,0,0,0,0,0,13.605,0.6074999999999999,False,,Grid extension
5503074,0,0,0,0,0,0.0,0.0,1599.180752840909,29,0,0,0,0,0,0,0,0,0,8.4375,0.0433333333333333,False,,Solar home system
5503075,0,0,0,0,0,0.0,0.0,1666.635986328125,54,3,0,0,0,0,0,0,0,0,18.826666666666668,2.4266666666666663,False,,Solar home system
5503076,0,0,0,1,0,0.0,0.0,1667.548583984375,66,10,0,0,0,0,0,0,0,0,23.453333333333333,3.095,False,,Grid extension
5503077,0,0,0,1,0,0.0,0.0,1672.3577473958333,161,29,0,0,0,0,0,0,0,0,29.73333333333333,2.3200000000000003,False,,Grid extension
5503078,0,0,0,1,0,0.0,0.0,1672.8450520833333,251,53,0,0,0,0,0,0,0,1,26.9975,4.6,False,,Grid extension
5503079,0,0,0,0,1,0.0,0.0,1669.6488037109375,149,23,0,0,0,0,0,0,0,0,17.78,0.9066666666666668,False,,Existing grid
5503080,0,0,0,1,0,0.0,0.0,0.0,99,22,0,0,0,0,0,0,0,0,37.75333333333334,3.82,False,,Grid extension
5503081,0,0,1,0,1,0.0,0.0,1670.775390625,51,19,1,0,0,0,0,0,0,0,17.542499999999997,1.185,False,,Existing grid
5503082,0,0,0,0,0,0.0,0.0,1652.4822998046875,11,2,0,0,0,0,0,0,0,0,4.952500000000001,0.08,False,,Solar home system
5503083,0,0,0,0,0,0.0,0.0,1646.1487926136363,7,2,0,0,0,0,0,0,0,0,21.295,0.05,True,Lalak Forest Reserve,Solar home system
5503084,0,0,1,0,0,0.0,0.0,1657.961181640625,6,2,1,0,0,0,0,0,0,0,25.4025,0.0,False,,Solar home system
5503085,0,0,0,1,0,0.0,0.0,1664.0789794921875,173,23,0,0,0,0,0,0,0,4,12.405,3.2,False,,Grid extension
5503086,0,0,0,1,0,0.0,0.0,1662.800537109375,189,28,0,0,0,0,0,0,0,3,16.883333333333333,2.0000000000000004,False,,Grid extension
5503087,0,0,0,1,0,0.0,0.0,1659.28515625,132,16,0,0,0,0,0,0,0,3,26.700000000000003,0.7533333333333334,False,,Grid extension
5503088,0,0,0,1,0,0.0,0.0,1661.5830078125,215,26,0,0,0,0,0,0,0,0,31.33,1.2175,False,,Grid extension
5503089,0,0,1,1,1,0.0,0.0,1653.9736328125,492,69,1,0,0,0,0,0,0,8,12.393333333333336,13.365,False,,Grid extension
5503090,0,0,0,0,1,0.0,0.0,1657.687255859375,121,13,0,0,0,0,0,0,0,0,31.41,2.2225,False,,Existing grid
5503091,0,0,0,1,1,0.0,0.0,1658.5999755859375,70,9,0,0,0,0,0,0,0,0,34.88666666666666,1.2275,False,,Grid extension
5503092,1,0,0,0,0,0.0,0.0,1648.6015625,361,33,0,0,0,0,0,0,1,0,19.13,2.306666666666666,False,,Candidate minigrid
5503093,0,0,0,0,0,0.0,0.0,1603.264892578125,3,0,0,0,0,0,0,0,0,0,9.695,0.02,False,,Solar home system
5503094,0,0,0,0,0,0.0,0.0,0.0,1,0,0,0,0,0,0,0,0,0,28.88,0.0,False,,Solar home system
5503095,0,0,0,0,0,0.0,0.0,1563.310763888889,3,0,0,0,0,0,0,0,0,0,2.5525,0.3033333333333333,True,Agoro - Agu Forest Reserve,Solar home system
5503096,0,0,0,0,0,0.0,0.0,1602.5345052083333,10,0,0,0,0,0,0,0,0,0,7.875000000000001,0.07,False,,Solar home system
5503097,0,0,0,0,0,0.35738468170166016,1.0438407316552163,1579.341037326389,60,3,0,0,0,0,0,0,0,0,11.8575,0.09,True,Agoro - Agu Forest Reserve,Solar home system
5503098,0,0,0,0,0,0.0,0.0,1608.4697265625,71,10,0,0,0,0,0,0,0,0,15.377499999999998,0.0233333333333333,True,Lamwo Forest Reserve,Solar home system
5503099,0,1,2,0,0,0.0,0.0,1577.4537760416667,855,140,1,1,0,0,0,0,0,0,12.3425,5.2625,True,Agoro - Agu Forest Reserve,Existing minigrid
5503100,0,0,0,0,0,0.0,0.0,1586.906947544643,64,9,0,0,0,0,0,0,0,3,21.3175,0.255,True,Agoro - Agu Forest Reserve,Solar home system
5503101,0,0,2,0,0,0.0,0.0,1598.8814697265625,184,44,2,0,0,0,0,0,0,0,14.375,4.105,False,,Solar home system
5503102,0,0,0,0,0,0.36131471395492554,0.9874697896740159,1613.1414695945946,3,1,0,0,0,0,0,0,0,0,6.5425,0.04,True,Agoro - Agu Forest Reserve,Solar home system
5503103,0,0,0,0,0,0.0,0.0,1548.112060546875,28,2,0,0,0,0,0,0,0,0,4.4375,0.0,True,Agoro - Agu Forest Reserve,Solar home system
5503104,0,1,1,0,0,0.0,0.0,1625.2255859375,114,13,1,0,0,0,0,0,0,0,19.5325,0.8125,True,Agoro - Agu Forest Reserve,Existing minigrid
5503105,0,1,1,0,0,0.0,0.0,1617.013950892857,211,23,0,1,0,0,0,0,0,2,10.4125,1.045,True,Agoro - Agu Forest Reserve,Existing minigrid
5503106,0,0,0,0,0,0.0,0.0,1609.4482421875,113,7,0,0,0,0,0,0,0,4,16.063333333333333,1.195,True,Agoro - Agu Forest Reserve,Solar home system
5503107,0,0,1,0,0,0.0,0.0,1596.36162109375,241,33,1,0,0,0,0,0,2,2,17.5,2.0675,True,Agoro - Agu Forest Reserve,Solar home system
5503108,0,0,0,0,0,0.0,0.0,1586.40234375,126,3,0,0,0,0,0,0,0,0,14.09,0.4533333333333333,True,Agoro - Agu Forest Reserve,Solar home system
5503109,0,0,1,0,0,0.0,0.0,1571.378515625,36,0,1,0,0,0,0,0,0,0,26.555,0.14,True,Agoro - Agu Forest Reserve,Solar home system
5503110,0,0,1,0,0,0.0,0.0,1572.3081781914893,170,11,0,1,0,0,0,0,0,0,3.035,0.0775,True,Agoro - Agu Forest Reserve,Solar home system
5503111,0,0,0,0,0,0.0,0.0,1615.0358664772727,86,10,0,0,0,0,0,0,1,0,19.795,1.1375,False,,Solar home system
5503112,1,0,0,0,0,0.0,0.0,1614.77001953125,90,3,0,0,0,0,0,0,0,0,12.429999999999998,1.4066666666666665,True,Agoro - Agu Forest Reserve,Candidate minigrid
5503113,0,0,0,0,0,0.0,0.0,1571.6710205078125,65,1,0,0,0,0,0,0,0,0,17.6725,0.49,True,Agoro - Agu Forest Reserve,Solar home system
5503114,0,1,1,0,0,0.0,0.0,1595.7769775390625,198,7,1,0,0,0,0,0,0,0,17.375,8.2975,False,,Existing minigrid
5503115,0,0,0,0,0,0.0,0.0,1606.3390299479167,107,2,0,0,0,0,0,0,0,0,14.6625,0.2,True,Agoro - Agu Forest Reserve,Solar home system
5503116,0,0,0,0,0,0.21598023176193237,0.9156713327707011,1538.2272727272727,41,2,0,0,0,0,0,0,0,0,4.34,0.035,True,Agoro - Agu Forest Reserve,Solar home system
5503117,0,0,0,0,0,0.0,0.0,0.0,61,2,0,0,0,0,0,0,0,0,19.765,7.226666666666667,False,,Solar home system
5503118,1,0,0,0,0,0.0,0.0,1585.0633138020833,145,5,0,0,0,0,0,0,0,0,14.802500000000002,0.43,False,,Candidate minigrid
5503119,0,0,0,0,0,0.0,0.0,1553.7734375,85,3,0,0,0,0,0,0,0,12,5.596666666666667,3.835,True,Agoro - Agu Forest Reserve,Solar home system
5503120,0,0,1,0,0,0.0,0.0,1543.5467529296875,161,9,1,0,0,0,0,0,0,0,11.0125,7.5275,True,Agoro - Agu Forest Reserve,Solar home system
5503121,1,0,0,0,0,0.0,0.0,1557.242919921875,146,3,0,0,0,0,0,0,0,2,23.9625,4.4925,True,Agoro - Agu Forest Reserve,Candidate minigrid
5503122,0,0,0,0,0,0.0,0.0,1590.2989501953125,16,3,0,0,0,0,0,0,0,0,12.240000000000002,2.6375,False,,Solar home system
5503123,0,0,0,0,0,0.0,0.0,1579.3409423828125,126,5,0,0,0,0,0,0,0,0,4.97,14.085,False,,Solar home system
5503124,0,0,0,0,0,0.0,0.0,0.0,0,0,0,0,0,0,0,0,0,0,13.4125,1.255,False,,Solar home system
5503125,0,0,0,0,0,0.0,0.0,1562.3564453125,59,1,0,0,0,0,0,0,0,0,4.245,3.033333333333333,False,,Solar home system
5503126,0,0,0,0,0,0.0,0.0,1568.0185546875,44,1,0,0,0,0,0,0,0,0,5.8825,4.17,False,,Solar home system
5503127,0,0,0,0,0,0.0,0.0,1584.0889892578125,137,7,0,0,0,0,0,0,0,0,2.8400000000000003,22.4975,False,,Solar home system
5503128,0,1,2,0,0,0.0,0.0,0.0,601,171,1,1,0,0,0,0,1,0,15.15,58.55,False,,Existing minigrid
5503129,0,0,0,0,0,0.3251779079437256,1.0133589635817917,1641.0021484375,22,0,0,0,0,0,0,0,0,1,8.655,0.0133333333333333,False,,Solar home system
5503130,0,0,0,0,0,0.0,0.0,1645.0860595703125,20,0,0,0,0,0,0,0,0,0,21.43,0.9933333333333332,False,,Solar home system
5503131,0,0,0,0,0,0.3448446989059448,1.1518570684913176,1642.398716517857,76,9,0,0,0,0,0,0,0,2,16.41,0.51,False,,Solar home system
5503132,1,0,0,0,0,0.0,0.0,1643.077237215909,123,6,0,0,0,0,0,0,1,0,15.2225,0.6633333333333334,False,,Candidate minigrid
5503133,0,0,0,0,0,0.3702538311481476,1.2872762005963145,1649.3412109375,21,2,0,0,0,0,0,0,0,0,14.313333333333334,0.075,False,,Solar home system
5503134,2,0,1,0,0,0.0,0.0,1646.824898097826,540,58,1,0,0,0,0,0,0,1,18.415,0.9025,False,,Candidate minigrid
5503135,0,0,0,0,0,0.33195725083351135,1.1662432164765397,1638.60546875,16,0,0,0,0,0,1,0,0,0,1.6325,0.0,False,,Solar home system
5503136,0,0,0,0,0,0.0,0.0,1652.93896484375,0,0,0,0,0,0,0,0,0,0,6.920000000000001,0.06,False,,Solar home system
5503137,2,0,1,0,0,0.32620182633399963,1.141316210551359,1648.373291015625,162,11,1,0,0,0,0,0,0,1,16.3075,2.75,False,,Candidate minigrid
5503138,0,0,0,0,0,0.0,0.0,1646.69921875,146,3,0,0,0,0,0,0,0,2,4.4975,0.56,False,,Solar home system
5503139,0,0,0,0,0,0.0,0.0,1644.81201171875,0,0,0,0,0,0,0,0,0,0,1.26,0.0,False,,Solar home system
5503140,1,0,1,0,0,0.0,0.0,1645.8579545454545,27,10,0,0,0,0,0,0,0,2,1.31,0.0225,False,,Candidate minigrid
5503141,0,0,0,0,0,0.0,0.0,1649.468994140625,0,0,0,0,0,0,0,0,0,0,13.335,0.0,False,,Solar home system
5503142,2,0,0,0,0,0.0,0.0,1652.601444128788,143,20,0,0,0,0,0,0,0,3,5.44,0.3933333333333333,False,,Candidate minigrid
5503143,0,0,0,1,0,0.0,0.0,1649.56640625,329,47,0,0,0,0,0,0,0,6,18.6525,2.15,False,,Grid extension
5503144,0,0,0,1,1,0.0,0.0,1652.6617476851852,325,75,0,0,0,0,0,0,0,3,16.8475,1.375,False,,Grid extension
5503145,0,0,0,1,1,0.0,0.0,1650.74755859375,597,192,0,0,0,0,1,0,0,1,12.0375,16.2275,False,,Grid extension
5503146,0,0,0,0,0,0.0,0.0,1654.144140625,208,36,0,0,0,0,0,0,0,1,13.2425,0.9625,False,,Solar home system
5503147,0,0,0,0,1,0.0,0.0,0.0,101,30,0,0,0,0,0,0,0,0,32.49666666666666,23.62,False,,Existing grid
5503148,0,0,0,0,1,0.0,0.0,1653.1219482421875,0,0,0,0,0,0,0,0,0,0,11.406666666666666,1.31,False,,Existing grid
5503149,0,0,0,0,0,0.0,0.0,0.0,0,0,0,0,0,0,0,0,0,0,46.535,42.903333333333336,False,,Solar home system
5503150,1,0,1,0,0,0.0,0.0,1652.3177734375,206,47,1,0,0,0,0,0,0,0,15.8875,3.0175,False,,Candidate minigrid
5503151,0,0,0,0,1,0.0,0.0,1654.486293859649,371,93,0,0,0,0,0,0,0,17,7.649999999999999,0.765,False,,Existing grid
5503152,0,0,4,0,0,0.0,0.0,1652.0260009765625,386,138,2,2,0,0,0,0,0,1,13.0375,34.83,False,,Solar home system
5503153,0,0,0,1,0,0.0,0.0,1631.1021205357142,309,66,0,0,0,0,0,0,0,0,18.986666666666668,3.4250000000000003,False,,Grid extension
5503154,0,0,0,1,0,0.0,0.0,1624.17578125,118,27,0,0,0,0,0,0,0,0,18.3,3.8725,False,,Grid extension
5503155,0,0,0,1,0,0.0,0.0,0.0,90,29,0,0,0,0,0,0,0,2,30.12333333333333,9.2475,False,,Grid extension
5503156,0,0,2,1,1,0.0,0.0,1626.3365885416667,214,45,2,0,0,0,0,0,0,2,12.3275,18.6075,False,,Grid extension
5503157,0,0,0,0,0,0.0,0.0,1632.302001953125,71,14,0,0,0,0,0,0,0,0,3.31,33.427499999999995,True,Lokung Forest Reserve,Solar home system
5503158,0,0,0,1,0,0.0,0.0,1613.6739501953125,137,12,0,0,0,0,0,0,0,2,35.79333333333333,2.18,True,Lokung Forest Reserve,Grid extension
5503159,0,0,0,0,0,0.0,0.0,1618.854403409091,163,15,0,0,0,0,0,0,0,3,9.142500000000002,1.09,True,"Lalak Forest Reserve, Lokung Forest Reserve",Solar home system
5503160,0,1,0,0,0,0.0,0.0,1625.72802734375,483,95,0,0,0,0,0,0,0,1,13.935,16.087500000000002,False,,Existing minigrid
5503161,0,0,0,0,0,0.3530677258968353,1.0378123072998178,1600.525669642857,72,14,0,0,0,0,0,0,0,0,17.6125,0.385,True,Agoro - Agu Forest Reserve,Solar home system
5503162,0,0,1,0,0,0.0,0.0,1609.1697591145833,111,26,1,0,0,0,0,0,0,2,6.725,1.88,True,Lamwo Forest Reserve,Solar home system
5503163,0,0,0,1,1,0.0,0.0,0.0,430,193,0,0,0,0,0,0,0,1,7.449999999999999,67.46000000000001,True,Lokung Forest Reserve,Grid extension
5503164,0,0,0,0,0,0.0,0.0,1648.4644775390625,3,0,0,0,0,0,0,0,0,0,16.570000000000004,0.0,False,,Solar home system
5503165,0,0,0,0,0,0.0,0.0,1672.3337890625,87,13,0,0,0,0,0,1,0,0,29.776666666666667,1.7525,False,,Solar home system
5503166,0,0,0,0,1,0.0,0.0,1672.1141357421875,221,48,0,0,0,0,0,0,0,0,33.3675,2.8225,False,,Existing grid
5503167,0,0,0,0,0,0.0,0.0,1645.0860430743244,99,12,0,0,0,0,0,1,0,4,14.9825,0.0233333333333333,True,Lokung Forest Reserve,Solar home system
5503168,0,0,0,0,1,0.0,0.0,1643.4423828125,0,0,0,0,0,0,0,0,0,0,32.193333333333335,0.0,False,,Existing grid
5503169,0,0,3,0,1,0.3959883451461792,1.4188129285682278,1644.2339409722222,103,35,0,0,2,0,0,0,0,3,22.9225,2.825,True,Lokung Forest Reserve,Existing grid
5503170,0,0,0,0,1,0.0,0.0,1649.59033203125,1,0,0,0,0,0,0,0,0,0,17.2575,0.29,False,,Existing grid
5503171,0,0,0,0,0,0.0,0.0,1631.572021484375,28,2,0,0,0,0,0,0,0,0,23.026666666666667,2.015,True,Lokung Forest Reserve,Solar home system
5503172,0,0,3,1,1,0.0,0.0,1633.39794921875,186,58,2,1,0,0,0,0,0,0,13.1925,47.69,False,,Grid extension
5503173,0,0,0,0,1,0.36862340569496155,1.3597503259484507,0.0,65,19,0,0,0,0,0,0,0,0,34.68333333333333,3.5875000000000004,True,Padibe Forest Reserve,Existing grid
5503174,0,0,0,0,1,0.0,0.0,1663.5919596354167,101,17,0,0,0,0,0,0,0,2,33.080000000000005,1.22,False,,Existing grid
5503175,0,0,1,1,1,0.0,0.0,1661.6438802083333,273,26,0,1,0,0,0,0,0,0,32.64666666666667,7.5525,False,,Grid extension
5503176,0,0,1,1,0,0.0,0.0,1634.1280517578125,126,38,1,0,0,0,0,0,0,0,26.26333333333333,24.3775,False,,Grid extension
5503177,0,0,0,1,0,0.3793407678604126,1.3597503259484507,1653.3743990384614,330,77,0,0,0,0,0,0,0,0,20.6125,1.69,False,,Grid extension
5503178,0,0,1,1,0,0.0,0.0,1666.6966145833333,155,34,1,0,0,0,0,0,0,0,27.590000000000003,1.465,False,,Grid extension
5503179,0,0,0,0,1,0.0,0.0,1672.7841796875,193,61,0,0,0,0,0,1,0,0,28.130000000000003,3.785,False,,Existing grid
5503180,0,0,0,0,0,0.0,0.0,1656.627734375,115,13,0,0,0,0,0,0,0,0,14.813333333333333,0.1425,False,,Solar home system
5503181,0,0,0,1,1,0.0,0.0,1635.9547526041667,189,34,0,0,0,0,0,0,0,0,37.68,3.4325,True,Lokung Forest Reserve,Grid extension
5503182,0,0,0,0,0,0.0,0.0,1671.52296875,68,3,0,0,0,0,0,0,0,12,6.5875,0.1166666666666666,True,Achwa River Forest Reserve,Solar home system
5503183,0,0,0,0,0,0.0,0.0,1660.3656684027778,1386,53,0,0,0,0,0,0,0,7,13.5075,1.7424999999999995,False,,Solar home system
5503184,0,0,0,0,0,0.0,0.0,1628.6496710526317,96,5,0,0,0,0,0,0,0,0,16.134999999999998,0.0766666666666666,False,,Solar home system
5503185,0,0,0,0,0,0.0,0.0,1597.238037109375,73,4,0,0,0,0,0,0,0,0,22.2525,8.717500000000001,False,,Solar home system
5503186,0,0,0,0,0,0.0,0.0,1587.9856770833333,154,5,0,0,0,0,0,0,0,0,15.745,11.4125,False,,Solar home system
5503187,0,0,1,0,0,0.0,0.0,1668.279541015625,56,21,1,0,0,0,0,0,0,0,22.746666666666663,5.3575,False,,Solar home system
5503188,0,0,2,0,1,0.0,0.0,0.0,278,133,1,1,0,0,0,0,0,0,10.345,22.9375,False,,Existing grid
5503189,0,0,0,0,0,0.0,0.0,1669.1920166015625,39,7,0,0,0,0,0,0,0,0,15.593333333333335,0.7275,False,,Solar home system
5503190,0,0,0,0,0,0.0,0.0,1665.4490966796875,45,5,0,0,0,0,0,0,0,1,34.615,0.0533333333333333,True,Paonyeme Forest Reserve,Solar home system
5503191,0,0,0,0,1,0.0,0.0,1675.8334517045455,123,19,0,0,0,0,0,0,0,0,15.456666666666663,0.5575,False,,Existing grid
5503192,0,0,2,0,0,0.0,0.0,1645.4510498046875,270,80,1,1,0,0,0,0,1,1,12.71,20.04,False,,Solar home system
5503193,1,0,0,0,0,0.3418930172920227,1.3649976128266912,1650.0775824652778,250,41,0,0,0,0,0,0,0,2,18.75333333333333,2.4325,False,,Candidate minigrid
5503194,0,0,0,1,0,0.0,0.0,1674.6712239583333,142,19,0,0,0,0,0,0,0,0,40.23666666666667,4.1875,False,,Grid extension
5503195,0,0,0,1,0,0.0,0.0,1676.1319580078125,2,0,0,0,0,0,0,0,0,0,47.28333333333334,0.0,False,,Grid extension
5503196,0,0,0,1,0,0.0,0.0,1674.79296875,30,5,0,0,0,0,0,0,0,0,53.370000000000005,1.01,False,,Grid extension
5503197,0,0,1,0,0,0.0,0.0,1599.114346590909,172,17,1,0,0,0,0,0,0,0,10.833333333333334,0.3775,False,,Solar home system
5503198,0,1,1,0,0,0.0,0.0,1578.9094460227273,131,20,1,0,0,0,0,1,4,3,17.726666666666667,1.14,False,,Existing minigrid
5503199,0,0,0,0,0,0.0,0.0,0.0,20,2,0,0,0,0,0,0,0,0,14.323333333333332,0.27,False,,Solar home system
5503200,0,0,1,1,0,0.0,0.0,1627.553955078125,308,27,1,0,0,0,0,0,0,1,12.96,2.7425,True,"Lalak Forest Reserve, Lokung Forest Reserve",Grid extension
5503201,0,0,0,0,0,0.0,0.0,1648.7130926724137,133,8,0,0,0,0,0,0,0,0,16.68,0.11,False,,Solar home system
5503202,0,0,4,1,1,0.0,0.0,1671.1402994791667,427,105,3,1,0,0,0,0,0,2,26.08,9.19,True,Paonyeme Forest Reserve,Grid extension
5503203,0,0,0,0,0,0.0,0.0,1636.0562065972222,245,30,0,0,0,0,0,0,0,1,23.023333333333337,0.6725,False,,Solar home system
5503204,0,0,0,1,0,0.0,0.0,1666.635986328125,153,18,0,0,0,0,0,0,0,0,27.096666666666668,2.063333333333333,False,,Grid extension
5503205,0,0,0,0,0,0.0,0.0,1617.1748046875,141,28,0,0,0,0,0,0,0,0,9.0625,0.1225,True,Lalak Forest Reserve,Solar home system
5503206,0,0,0,0,0,0.0,0.0,1645.4191176470588,10,0,0,0,0,0,0,0,0,5,3.9475,0.005,False,,Solar home system
5503207,0,0,0,0,0,0.0,0.0,1643.358173076923,3,0,0,0,0,0,0,0,0,0,2.265,0.01,False,,Solar home system
5503208,0,0,0,0,0,0.0,0.0,1649.430509868421,3,0,0,0,0,0,0,0,0,0,4.1,0.265,False,,Solar home system
5503209,0,0,0,0,0,0.0,0.0,1662.617947048611,112,11,0,0,0,0,0,0,0,0,17.546666666666663,0.32,False,,Solar home system
5503210,1,0,0,0,0,0.42434772849082947,1.4188129285682278,1665.5485101744187,195,41,0,0,0,0,0,1,0,5,9.6375,0.0466666666666666,True,Aram Forest Reserve,Candidate minigrid
5504178,0,0,0,0,0,0.4505782425403595,1.4139726238037107,1689.8748372395833,206,35,0,0,0,0,0,0,0,8,6.41,0.06,False,,Solar home system
